{"bobfisher-svcacct-1":{"parent":"uid=bobfisher,ou=people,ou=hwengg,dc=min,dc=io","accessKey":"bobfisher-svcacct-1","secretKey":"bobfisher-svcacct-1","groups":null,"claims":{"accessKey":"bobfisher-svcacct-1","ldapActualUser":"uid=bobfisher,ou=people,ou=hwengg,dc=min,dc=io","ldapUser":"uid=bobfisher,ou=people,ou=hwengg,dc=min,dc=io","ldapUsername":"bobfisher","parent":"uid=bobfisher,ou=people,ou=hwengg,dc=min,dc=io","sa-policy":"inherited-policy"},"sessionPolicy":null,"status":"on","name":"","description":"","expiration":"1970-01-01T00:00:00Z"},"bobfisher-svcacct-2":{"parent":"uid=bobfisher,ou=people,ou=hwengg,dc=min,dc=io","accessKey":"bobfisher-svcacct-2","secretKey":"bobfisher-svcacct-2","groups":null,"claims":{"accessKey":"bobfisher-svcacct-2","ldapActualUser":"uid=bobfisher,ou=people,ou=hwengg,dc=min,dc=io","ldapUser":"uid=bobfisher,ou=people,ou=hwengg,dc=min,dc=io","ldapUsername":"bobfisher","parent":"uid=bobfisher,ou=people,ou=hwengg,dc=min,dc=io","sa-policy":"inherited-policy"},"sessionPolicy":null,"status":"on","name":"","description":"","expiration":"1970-01-01T00:00:00Z"},"dillon-svcacct-1":{"parent":"uid=dillon,ou=people,ou=swengg,dc=min,dc=io","accessKey":"dillon-svcacct-1","secretKey":"dillon-svcacct-1","groups":["cn=projecta,ou=groups,ou=swengg,dc=min,dc=io","cn=projectb,ou=groups,ou=swengg,dc=min,dc=io"],"claims":{"accessKey":"dillon-svcacct-1","ldapActualUser":"uid=dillon,ou=people,ou=swengg,dc=min,dc=io","ldapUser":"uid=dillon,ou=people,ou=swengg,dc=min,dc=io","ldapUsername":"dillon","parent":"uid=dillon,ou=people,ou=swengg,dc=min,dc=io","sa-policy":"inherited-policy"},"sessionPolicy":null,"status":"on","name":"","description":"","expiration":"1970-01-01T00:00:00Z"},"dillon-svcacct-2":{"parent":"uid=dillon,ou=people,ou=swengg,dc=min,dc=io","accessKey":"dillon-svcacct-2","secretKey":"dillon-svcacct-2","groups":["cn=projecta,ou=groups,ou=swengg,dc=min,dc=io","cn=projectb,ou=groups,ou=swengg,dc=min,dc=io"],"claims":{"accessKey":"dillon-svcacct-2","ldapActualUser":"uid=dillon,ou=people,ou=swengg,dc=min,dc=io","ldapUser":"uid=dillon,ou=people,ou=swengg,dc=min,dc=io","ldapUsername":"dillon","parent":"uid=dillon,ou=people,ou=swengg,dc=min,dc=io","sa-policy":"inherited-policy"},"sessionPolicy":null,"status":"on","name":"","description":"","expiration":"1970-01-01T00:00:00Z"}}