{"consoleAdmin":{"Version":"2012-10-17","Statement":[{"Effect":"Allow","Action":["admin:*"]},{"Effect":"Allow","Action":["kms:*"]},{"Effect":"Allow","Action":["s3:*"],"Resource":["arn:aws:s3:::*"]}]},"diagnostics":{"Version":"2012-10-17","Statement":[{"Effect":"Allow","Action":["admin:TopLocksInfo","admin:BandwidthMonitor","admin:ConsoleLog","admin:OBDInfo","admin:Profiling","admin:Prometheus","admin:ServerInfo","admin:ServerTrace"],"Resource":["arn:aws:s3:::*"]}]},"readonly":{"Version":"2012-10-17","Statement":[{"Effect":"Allow","Action":["s3:GetBucketLocation","s3:GetObject"],"Resource":["arn:aws:s3:::*"]}]},"readwrite":{"Version":"2012-10-17","Statement":[{"Effect":"Allow","Action":["s3:*"],"Resource":["arn:aws:s3:::*"]}]},"writeonly":{"Version":"2012-10-17","Statement":[{"Effect":"Allow","Action":["s3:PutObject"],"Resource":["arn:aws:s3:::*"]}]}}