{"consoleAdmin":{"Version":"2012-10-17","Statement":[{"Effect":"Allow","Action":["admin:*"]},{"Effect":"Allow","Action":["kms:*"]},{"Effect":"Allow","Action":["s3:*"],"Resource":["arn:aws:s3:::*"]}]},"diagnostics":{"Version":"2012-10-17","Statement":[{"Effect":"Allow","Action":["admin:Prometheus","admin:Profiling","admin:ServerTrace","admin:ConsoleLog","admin:ServerInfo","admin:TopLocksInfo","admin:OBDInfo","admin:BandwidthMonitor"],"Resource":["arn:aws:s3:::*"]}]},"readonly":{"Version":"2012-10-17","Statement":[{"Effect":"Allow","Action":["s3:GetObject","s3:GetBucketLocation"],"Resource":["arn:aws:s3:::*"]}]},"readwrite":{"Version":"2012-10-17","Statement":[{"Effect":"Allow","Action":["s3:*"],"Resource":["arn:aws:s3:::*"]}]},"writeonly":{"Version":"2012-10-17","Statement":[{"Effect":"Allow","Action":["s3:PutObject"],"Resource":["arn:aws:s3:::*"]}]}}