{"dillon-service-2":{"parent":"oCnAoSQFtdVQtKwrB73jnVDnvzRWg0ct22FkRXURbq4","accessKey":"dillon-service-2","secretKey":"dillon-service-2","groups":null,"claims":{"accessKey":"dillon-service-2","at_hash":"LL4jvrkBRNQhOKiC83RL0Q","aud":"minio-client-app","c_hash":"fjGB4ldChsaf9vSFdZ1PYw","email":"dillon@example.io","email_verified":true,"groups":["projecta","projectb"],"iat":1726558680,"iss":"http://127.0.0.1:5556/dex","name":"Dillon Harper","parent":"oCnAoSQFtdVQtKwrB73jnVDnvzRWg0ct22FkRXURbq4","preferred_username":"dillon","roleArn":"arn:minio:iam:::role/nOybJqMNzNmroqEKq5D0EUsRZw0","sa-policy":"inherited-policy","sub":"Cit1aWQ9ZGlsbG9uLG91PXBlb3BsZSxvdT1zd2VuZ2csZGM9bWluLGRjPWlvEgRsZGFw"},"sessionPolicy":null,"status":"on","name":"","description":"","expiration":"1970-01-01T00:00:00Z"},"dillon-svcacct-1":{"parent":"oCnAoSQFtdVQtKwrB73jnVDnvzRWg0ct22FkRXURbq4","accessKey":"dillon-svcacct-1","secretKey":"dillon-svcacct-1","groups":null,"claims":{"accessKey":"dillon-svcacct-1","parent":"oCnAoSQFtdVQtKwrB73jnVDnvzRWg0ct22FkRXURbq4","sa-policy":"embedded-policy","sessionPolicy":"eyJWZXJzaW9uIjoiIiwiU3RhdGVtZW50IjpudWxsfQ==","sessionPolicy-extracted":"{\"Version\":\"\",\"Statement\":null}"},"sessionPolicy":{"Version":"","Statement":null},"status":"on","name":"","description":"","expiration":"1970-01-01T00:00:00Z"}}